customer_id,city,signup_date
1001,Bengaluru,2025-01-01
1002,Bengaluru,2025-01-01
1003,Hyderabad,2025-01-01
1004,Hyderabad,2025-01-01
1005,Mumbai,2025-01-01
1006,Mumbai,2025-01-01
1007,Pune,2025-01-01
1008,Pune,2025-01-01
1009,Pune,2025-01-01
1010,Bengaluru,2025-01-02
1011,Bengaluru,2025-01-02
1012,Chennai,2025-01-02
1013,Chennai,2025-01-02
1014,Hyderabad,2025-01-02
1015,Mumbai,2025-01-02
1016,Mumbai,2025-01-02
1017,Mumbai,2025-01-02
1018,Mumbai,2025-01-02
1019,Chennai,2025-01-03
1020,Chennai,2025-01-04
1021,Hyderabad,2025-01-04
1022,Hyderabad,2025-01-04
1023,Mumbai,2025-01-04
1024,Mumbai,2025-01-04
1025,Mumbai,2025-01-04
1026,Mumbai,2025-01-04
1027,Pune,2025-01-04
1028,Bengaluru,2025-01-05
1029,Hyderabad,2025-01-05
1030,Mumbai,2025-01-05
1031,Pune,2025-01-05
1032,Bengaluru,2025-01-06
1033,Bengaluru,2025-01-06
1034,Mumbai,2025-01-06
1035,Bengaluru,2025-01-07
1036,Bengaluru,2025-01-07
1037,Bengaluru,2025-01-07
1038,Hyderabad,2025-01-07
1039,Hyderabad,2025-01-07
1040,Mumbai,2025-01-07
1041,Bengaluru,2025-01-08
1042,Mumbai,2025-01-08
1043,Pune,2025-01-08
1044,Bengaluru,2025-01-09
1045,Hyderabad,2025-01-09
1046,Mumbai,2025-01-09
1047,Mumbai,2025-01-09
1048,Pune,2025-01-09
1049,Mumbai,2025-01-10
1050,Bengaluru,2025-01-11
1051,Chennai,2025-01-11
1052,Mumbai,2025-01-11
1053,Mumbai,2025-01-11
1054,Bengaluru,2025-01-12
1055,Chennai,2025-01-12
1056,Hyderabad,2025-01-12
1057,Bengaluru,2025-01-13
1058,Bengaluru,2025-01-13
1059,Bengaluru,2025-01-13
1060,Bengaluru,2025-01-13
1061,Bengaluru,2025-01-13
1062,Mumbai,2025-01-13
1063,Mumbai,2025-01-13
1064,Mumbai,2025-01-14
1065,Chennai,2025-01-15
1066,Chennai,2025-01-15
1067,Chennai,2025-01-15
1068,Hyderabad,2025-01-15
1069,Hyderabad,2025-01-15
1070,Mumbai,2025-01-15
1071,Mumbai,2025-01-15
1072,Mumbai,2025-01-15
1073,Pune,2025-01-15
1074,Chennai,2025-01-16
1075,Mumbai,2025-01-16
1076,Pune,2025-01-16
1077,Bengaluru,2025-01-17
1078,Bengaluru,2025-01-17
1079,Chennai,2025-01-17
1080,Mumbai,2025-01-17
1081,Mumbai,2025-01-17
1082,Pune,2025-01-17
1083,Pune,2025-01-17
1084,Bengaluru,2025-01-18
1085,Bengaluru,2025-01-18
1086,Bengaluru,2025-01-18
1087,Chennai,2025-01-18
1088,Chennai,2025-01-18
1089,Chennai,2025-01-18
1090,Hyderabad,2025-01-18
1091,Mumbai,2025-01-18
1092,Mumbai,2025-01-18
1093,Mumbai,2025-01-18
1094,Chennai,2025-01-19
1095,Chennai,2025-01-19
1096,Chennai,2025-01-19
1097,Hyderabad,2025-01-19
1098,Hyderabad,2025-01-19
1099,Mumbai,2025-01-19
1100,Pune,2025-01-19
1101,Bengaluru,2025-01-20
1102,Chennai,2025-01-20
1103,Pune,2025-01-20
1104,Chennai,2025-01-21
1105,Hyderabad,2025-01-21
1106,Mumbai,2025-01-21
1107,Mumbai,2025-01-21
1108,Mumbai,2025-01-21
1109,Mumbai,2025-01-21
1110,Pune,2025-01-21
1111,Bengaluru,2025-01-22
1112,Bengaluru,2025-01-22
1113,Chennai,2025-01-22
1114,Chennai,2025-01-22
1115,Hyderabad,2025-01-22
1116,Hyderabad,2025-01-22
1117,Hyderabad,2025-01-22
1118,Hyderabad,2025-01-22
1119,Mumbai,2025-01-22
1120,Mumbai,2025-01-22
1121,Pune,2025-01-22
1122,Bengaluru,2025-01-23
1123,Chennai,2025-01-23
1124,Hyderabad,2025-01-23
1125,Mumbai,2025-01-23
1126,Mumbai,2025-01-23
1127,Pune,2025-01-23
1128,Pune,2025-01-23
1129,Pune,2025-01-23
1130,Chennai,2025-01-24
1131,Mumbai,2025-01-24
1132,Mumbai,2025-01-24
1133,Pune,2025-01-24
1134,Bengaluru,2025-01-25
1135,Bengaluru,2025-01-25
1136,Hyderabad,2025-01-25
1137,Mumbai,2025-01-25
1138,Mumbai,2025-01-26
1139,Mumbai,2025-01-26
1140,Bengaluru,2025-01-27
1141,Chennai,2025-01-27
1142,Hyderabad,2025-01-27
1143,Mumbai,2025-01-27
1144,Pune,2025-01-27
1145,Pune,2025-01-27
1146,Pune,2025-01-27
1147,Chennai,2025-01-28
1148,Pune,2025-01-28
1149,Bengaluru,2025-01-29
1150,Bengaluru,2025-01-29
1151,Bengaluru,2025-01-29
1152,Hyderabad,2025-01-29
1153,Mumbai,2025-01-29
1154,Pune,2025-01-29
1155,Pune,2025-01-29
1156,Bengaluru,2025-01-30
1157,Chennai,2025-01-30
1158,Chennai,2025-01-30
1159,Hyderabad,2025-01-30
1160,Hyderabad,2025-01-30
1161,Hyderabad,2025-01-30
1162,Mumbai,2025-01-30
1163,Mumbai,2025-01-30
1164,Mumbai,2025-01-30
1165,Mumbai,2025-01-30
1166,Pune,2025-01-30
1167,Pune,2025-01-30
1168,Chennai,2025-01-31
1169,Pune,2025-01-31
1170,Bengaluru,2025-02-01
1171,Hyderabad,2025-02-01
1172,Mumbai,2025-02-01
1173,Mumbai,2025-02-01
1174,Mumbai,2025-02-01
1175,Bengaluru,2025-02-02
1176,Bengaluru,2025-02-02
1177,Bengaluru,2025-02-02
1178,Mumbai,2025-02-02
1179,Mumbai,2025-02-02
1180,Mumbai,2025-02-02
1181,Mumbai,2025-02-02
1182,Pune,2025-02-02
1183,Pune,2025-02-02
1184,Bengaluru,2025-02-03
1185,Chennai,2025-02-03
1186,Chennai,2025-02-03
1187,Hyderabad,2025-02-03
1188,Mumbai,2025-02-03
1189,Mumbai,2025-02-03
1190,Pune,2025-02-03
1191,Pune,2025-02-03
1192,Bengaluru,2025-02-04
1193,Bengaluru,2025-02-04
1194,Bengaluru,2025-02-04
1195,Chennai,2025-02-04
1196,Chennai,2025-02-04
1197,Hyderabad,2025-02-04
1198,Mumbai,2025-02-04
1199,Pune,2025-02-04
1200,Pune,2025-02-04
1201,Bengaluru,2025-02-05
1202,Chennai,2025-02-05
1203,Chennai,2025-02-05
1204,Hyderabad,2025-02-05
1205,Mumbai,2025-02-05
1206,Pune,2025-02-05
1207,Bengaluru,2025-02-06
1208,Bengaluru,2025-02-06
1209,Hyderabad,2025-02-06
1210,Mumbai,2025-02-06
1211,Pune,2025-02-06
1212,Pune,2025-02-06
1213,Pune,2025-02-06
1214,Bengaluru,2025-02-07
1215,Bengaluru,2025-02-07
1216,Bengaluru,2025-02-07
1217,Bengaluru,2025-02-07
1218,Mumbai,2025-02-07
1219,Mumbai,2025-02-07
1220,Mumbai,2025-02-07
1221,Bengaluru,2025-02-08
1222,Chennai,2025-02-08
1223,Pune,2025-02-08
1224,Bengaluru,2025-02-09
1225,Chennai,2025-02-09
1226,Chennai,2025-02-09
1227,Hyderabad,2025-02-09
1228,Mumbai,2025-02-09
1229,Pune,2025-02-09
1230,Bengaluru,2025-02-10
1231,Chennai,2025-02-10
1232,Pune,2025-02-10
1233,Bengaluru,2025-02-11
1234,Bengaluru,2025-02-11
1235,Chennai,2025-02-11
1236,Mumbai,2025-02-11
1237,Mumbai,2025-02-11
1238,Mumbai,2025-02-11
1239,Pune,2025-02-11
1240,Bengaluru,2025-02-12
1241,Hyderabad,2025-02-12
1242,Mumbai,2025-02-12
1243,Pune,2025-02-12
1244,Pune,2025-02-12
1245,Pune,2025-02-12
1246,Pune,2025-02-12
1247,Pune,2025-02-12
1248,Bengaluru,2025-02-13
1249,Hyderabad,2025-02-13
1250,Hyderabad,2025-02-13
1251,Mumbai,2025-02-13
1252,Mumbai,2025-02-13
1253,Mumbai,2025-02-13
1254,Pune,2025-02-13
1255,Bengaluru,2025-02-14
1256,Chennai,2025-02-14
1257,Mumbai,2025-02-14
1258,Mumbai,2025-02-14
1259,Pune,2025-02-14
1260,Hyderabad,2025-02-15
1261,Hyderabad,2025-02-15
1262,Mumbai,2025-02-15
1263,Bengaluru,2025-02-16
1264,Bengaluru,2025-02-16
1265,Chennai,2025-02-16
1266,Pune,2025-02-16
1267,Bengaluru,2025-02-17
1268,Chennai,2025-02-17
1269,Chennai,2025-02-17
1270,Mumbai,2025-02-17
1271,Pune,2025-02-17
1272,Pune,2025-02-17
1273,Bengaluru,2025-02-18
1274,Mumbai,2025-02-18
1275,Mumbai,2025-02-18
1276,Bengaluru,2025-02-19
1277,Chennai,2025-02-19
1278,Pune,2025-02-19
1279,Pune,2025-02-19
1280,Pune,2025-02-19
1281,Bengaluru,2025-02-20
1282,Bengaluru,2025-02-20
1283,Chennai,2025-02-20
1284,Hyderabad,2025-02-20
1285,Pune,2025-02-20
1286,Pune,2025-02-20
1287,Pune,2025-02-20
1288,Bengaluru,2025-02-21
1289,Bengaluru,2025-02-21
1290,Chennai,2025-02-21
1291,Hyderabad,2025-02-21
1292,Mumbai,2025-02-21
1293,Mumbai,2025-02-21
1294,Mumbai,2025-02-21
1295,Bengaluru,2025-02-22
1296,Chennai,2025-02-22
1297,Hyderabad,2025-02-22
1298,Hyderabad,2025-02-22
1299,Mumbai,2025-02-22
1300,Mumbai,2025-02-22
1301,Mumbai,2025-02-22
1302,Mumbai,2025-02-22
1303,Bengaluru,2025-02-23
1304,Hyderabad,2025-02-23
1305,Mumbai,2025-02-23
1306,Mumbai,2025-02-23
1307,Pune,2025-02-23
1308,Pune,2025-02-23
1309,Bengaluru,2025-02-24
1310,Bengaluru,2025-02-24
1311,Hyderabad,2025-02-24
1312,Bengaluru,2025-02-25
1313,Mumbai,2025-02-25
1314,Chennai,2025-02-26
1315,Hyderabad,2025-02-26
1316,Mumbai,2025-02-26
1317,Pune,2025-02-26
1318,Bengaluru,2025-02-27
1319,Hyderabad,2025-02-27
1320,Pune,2025-02-27
1321,Bengaluru,2025-02-28
1322,Bengaluru,2025-02-28
1323,Chennai,2025-02-28
1324,Hyderabad,2025-02-28
1325,Hyderabad,2025-02-28
1326,Hyderabad,2025-02-28
1327,Mumbai,2025-02-28
1328,Mumbai,2025-02-28
1329,Bengaluru,2025-03-01
1330,Bengaluru,2025-03-01
1331,Bengaluru,2025-03-01
1332,Chennai,2025-03-01
1333,Chennai,2025-03-01
1334,Hyderabad,2025-03-01
1335,Hyderabad,2025-03-01
1336,Hyderabad,2025-03-01
1337,Mumbai,2025-03-01
1338,Pune,2025-03-01
1339,Bengaluru,2025-03-02
1340,Bengaluru,2025-03-02
1341,Bengaluru,2025-03-02
1342,Chennai,2025-03-02
1343,Mumbai,2025-03-02
1344,Mumbai,2025-03-02
1345,Mumbai,2025-03-02
1346,Bengaluru,2025-03-03
1347,Chennai,2025-03-03
1348,Chennai,2025-03-03
1349,Hyderabad,2025-03-03
1350,Mumbai,2025-03-03
1351,Mumbai,2025-03-03
1352,Mumbai,2025-03-03
1353,Mumbai,2025-03-03
1354,Pune,2025-03-03
1355,Bengaluru,2025-03-04
1356,Bengaluru,2025-03-04
1357,Chennai,2025-03-04
1358,Chennai,2025-03-04
1359,Mumbai,2025-03-04
1360,Pune,2025-03-04
1361,Pune,2025-03-04
1362,Bengaluru,2025-03-05
1363,Chennai,2025-03-05
1364,Hyderabad,2025-03-05
1365,Mumbai,2025-03-05
1366,Pune,2025-03-05
1367,Bengaluru,2025-03-06
1368,Bengaluru,2025-03-06
1369,Bengaluru,2025-03-06
1370,Bengaluru,2025-03-06
1371,Mumbai,2025-03-06
1372,Pune,2025-03-06
1373,Pune,2025-03-06
1374,Chennai,2025-03-07
1375,Hyderabad,2025-03-07
1376,Mumbai,2025-03-07
1377,Bengaluru,2025-03-08
1378,Chennai,2025-03-08
1379,Hyderabad,2025-03-08
1380,Pune,2025-03-08
1381,Bengaluru,2025-03-09
1382,Mumbai,2025-03-09
1383,Mumbai,2025-03-09
1384,Mumbai,2025-03-09
1385,Chennai,2025-03-10
1386,Hyderabad,2025-03-10
1387,Hyderabad,2025-03-10
1388,Pune,2025-03-10
1389,Chennai,2025-03-11
1390,Chennai,2025-03-11
1391,Bengaluru,2025-03-12
1392,Chennai,2025-03-12
1393,Hyderabad,2025-03-12
1394,Mumbai,2025-03-12
1395,Bengaluru,2025-03-13
1396,Bengaluru,2025-03-13
1397,Chennai,2025-03-13
1398,Hyderabad,2025-03-13
1399,Mumbai,2025-03-13
1400,Mumbai,2025-03-13
1401,Mumbai,2025-03-13
1402,Pune,2025-03-13
1403,Pune,2025-03-13
1404,Bengaluru,2025-03-14
1405,Bengaluru,2025-03-14
1406,Chennai,2025-03-14
1407,Hyderabad,2025-03-14
1408,Mumbai,2025-03-14
1409,Pune,2025-03-14
1410,Pune,2025-03-14
1411,Bengaluru,2025-03-15
1412,Bengaluru,2025-03-15
1413,Bengaluru,2025-03-15
1414,Hyderabad,2025-03-15
1415,Mumbai,2025-03-15
1416,Pune,2025-03-15
1417,Pune,2025-03-15
1418,Pune,2025-03-15
1419,Bengaluru,2025-03-16
1420,Hyderabad,2025-03-16
1421,Hyderabad,2025-03-16
1422,Mumbai,2025-03-16
1423,Mumbai,2025-03-16
1424,Pune,2025-03-16
1425,Pune,2025-03-16
1426,Bengaluru,2025-03-17
1427,Hyderabad,2025-03-17
1428,Mumbai,2025-03-17
1429,Mumbai,2025-03-17
1430,Pune,2025-03-17
1431,Bengaluru,2025-03-18
1432,Chennai,2025-03-18
1433,Hyderabad,2025-03-18
1434,Mumbai,2025-03-18
1435,Mumbai,2025-03-18
1436,Mumbai,2025-03-18
1437,Mumbai,2025-03-18
1438,Pune,2025-03-18
1439,Chennai,2025-03-19
1440,Mumbai,2025-03-19
1441,Pune,2025-03-19
1442,Pune,2025-03-19
1443,Bengaluru,2025-03-20
1444,Bengaluru,2025-03-20
1445,Bengaluru,2025-03-20
1446,Mumbai,2025-03-20
1447,Pune,2025-03-20
1448,Bengaluru,2025-03-21
1449,Hyderabad,2025-03-21
1450,Mumbai,2025-03-21
1451,Pune,2025-03-21
1452,Chennai,2025-03-22
1453,Hyderabad,2025-03-22
1454,Mumbai,2025-03-22
1455,Mumbai,2025-03-22
1456,Mumbai,2025-03-22
1457,Bengaluru,2025-03-23
1458,Bengaluru,2025-03-23
1459,Hyderabad,2025-03-23
1460,Mumbai,2025-03-23
1461,Pune,2025-03-23
1462,Chennai,2025-03-24
1463,Chennai,2025-03-24
1464,Mumbai,2025-03-24
1465,Bengaluru,2025-03-25
1466,Hyderabad,2025-03-25
1467,Mumbai,2025-03-26
1468,Pune,2025-03-26
1469,Bengaluru,2025-03-27
1470,Chennai,2025-03-27
1471,Pune,2025-03-27
1472,Chennai,2025-03-28
1473,Mumbai,2025-03-28
1474,Pune,2025-03-28
1475,Pune,2025-03-28
1476,Pune,2025-03-29
1477,Bengaluru,2025-03-30
1478,Bengaluru,2025-03-30
1479,Chennai,2025-03-30
1480,Mumbai,2025-03-30
1481,Bengaluru,2025-03-31
1482,Mumbai,2025-03-31
1483,Mumbai,2025-03-31
1484,Pune,2025-03-31
1485,Pune,2025-03-31
1486,Bengaluru,2025-04-01
1487,Mumbai,2025-04-01
1488,Mumbai,2025-04-01
1489,Bengaluru,2025-04-02
1490,Chennai,2025-04-02
1491,Chennai,2025-04-02
1492,Hyderabad,2025-04-02
1493,Hyderabad,2025-04-02
1494,Hyderabad,2025-04-02
1495,Mumbai,2025-04-02
1496,Mumbai,2025-04-02
1497,Pune,2025-04-02
1498,Mumbai,2025-04-03
1499,Mumbai,2025-04-03
1500,Pune,2025-04-03
1501,Bengaluru,2025-04-04
1502,Bengaluru,2025-04-04
1503,Bengaluru,2025-04-04
1504,Chennai,2025-04-04
1505,Mumbai,2025-04-04
1506,Mumbai,2025-04-04
1507,Bengaluru,2025-04-05
1508,Bengaluru,2025-04-05
1509,Bengaluru,2025-04-05
1510,Mumbai,2025-04-05
1511,Bengaluru,2025-04-06
1512,Bengaluru,2025-04-06
1513,Chennai,2025-04-06
1514,Chennai,2025-04-06
1515,Chennai,2025-04-06
1516,Chennai,2025-04-06
1517,Hyderabad,2025-04-06
1518,Hyderabad,2025-04-06
1519,Pune,2025-04-06
1520,Pune,2025-04-07
1521,Pune,2025-04-07
1522,Chennai,2025-04-08
1523,Chennai,2025-04-09
1524,Mumbai,2025-04-09
1525,Bengaluru,2025-04-10
1526,Hyderabad,2025-04-10
1527,Hyderabad,2025-04-10
1528,Pune,2025-04-10
1529,Bengaluru,2025-04-11
1530,Hyderabad,2025-04-11
1531,Mumbai,2025-04-11
1532,Mumbai,2025-04-11
1533,Chennai,2025-04-12
1534,Chennai,2025-04-12
1535,Hyderabad,2025-04-12
1536,Mumbai,2025-04-12
1537,Mumbai,2025-04-12
1538,Mumbai,2025-04-12
1539,Bengaluru,2025-04-13
1540,Hyderabad,2025-04-13
1541,Mumbai,2025-04-13
1542,Pune,2025-04-13
1543,Pune,2025-04-13
1544,Bengaluru,2025-04-14
1545,Bengaluru,2025-04-14
1546,Bengaluru,2025-04-15
1547,Mumbai,2025-04-15
1548,Mumbai,2025-04-15
1549,Pune,2025-04-15
1550,Bengaluru,2025-04-17
1551,Bengaluru,2025-04-17
1552,Mumbai,2025-04-17
1553,Mumbai,2025-04-17
1554,Mumbai,2025-04-17
1555,Mumbai,2025-04-17
1556,Pune,2025-04-17
1557,Bengaluru,2025-04-18
1558,Chennai,2025-04-18
1559,Pune,2025-04-18
1560,Mumbai,2025-04-19
1561,Pune,2025-04-19
1562,Bengaluru,2025-04-20
1563,Bengaluru,2025-04-20
1564,Bengaluru,2025-04-20
1565,Mumbai,2025-04-20
1566,Mumbai,2025-04-20
1567,Pune,2025-04-20
1568,Bengaluru,2025-04-21
1569,Bengaluru,2025-04-21
1570,Chennai,2025-04-21
1571,Mumbai,2025-04-21
1572,Mumbai,2025-04-21
1573,Mumbai,2025-04-21
1574,Mumbai,2025-04-22
1575,Pune,2025-04-22
1576,Hyderabad,2025-04-23
1577,Pune,2025-04-23
1578,Pune,2025-04-23
1579,Pune,2025-04-23
1580,Pune,2025-04-23
1581,Bengaluru,2025-04-24
1582,Chennai,2025-04-24
1583,Hyderabad,2025-04-24
1584,Pune,2025-04-24
1585,Pune,2025-04-24
1586,Pune,2025-04-24
1587,Bengaluru,2025-04-25
1588,Chennai,2025-04-25
1589,Pune,2025-04-25
1590,Pune,2025-04-25
1591,Hyderabad,2025-04-26
1592,Pune,2025-04-26
1593,Bengaluru,2025-04-27
1594,Bengaluru,2025-04-27
1595,Bengaluru,2025-04-27
1596,Hyderabad,2025-04-27
1597,Pune,2025-04-27
1598,Pune,2025-04-27
1599,Bengaluru,2025-04-28
1600,Bengaluru,2025-04-28
1601,Bengaluru,2025-04-28
1602,Chennai,2025-04-28
1603,Chennai,2025-04-28
1604,Mumbai,2025-04-28
1605,Mumbai,2025-04-28
1606,Pune,2025-04-28
1607,Bengaluru,2025-04-29
1608,Mumbai,2025-04-29
1609,Bengaluru,2025-04-30
1610,Bengaluru,2025-04-30
1611,Hyderabad,2025-04-30
1612,Mumbai,2025-04-30
1613,Mumbai,2025-04-30
1614,Pune,2025-04-30
1615,Bengaluru,2025-05-01
1616,Bengaluru,2025-05-01
1617,Bengaluru,2025-05-01
1618,Bengaluru,2025-05-01
1619,Chennai,2025-05-01
1620,Mumbai,2025-05-01
1621,Mumbai,2025-05-01
1622,Mumbai,2025-05-01
1623,Mumbai,2025-05-01
1624,Pune,2025-05-01
1625,Hyderabad,2025-05-02
1626,Bengaluru,2025-05-03
1627,Bengaluru,2025-05-03
1628,Bengaluru,2025-05-03
1629,Hyderabad,2025-05-03
1630,Pune,2025-05-03
1631,Pune,2025-05-03
1632,Bengaluru,2025-05-04
1633,Mumbai,2025-05-04
1634,Mumbai,2025-05-04
1635,Pune,2025-05-04
1636,Pune,2025-05-04
1637,Pune,2025-05-04
1638,Bengaluru,2025-05-05
1639,Bengaluru,2025-05-05
1640,Hyderabad,2025-05-05
1641,Pune,2025-05-05
1642,Pune,2025-05-05
1643,Pune,2025-05-05
1644,Bengaluru,2025-05-06
1645,Bengaluru,2025-05-06
1646,Chennai,2025-05-06
1647,Hyderabad,2025-05-06
1648,Hyderabad,2025-05-06
1649,Mumbai,2025-05-06
1650,Mumbai,2025-05-06
1651,Mumbai,2025-05-06
1652,Pune,2025-05-06
1653,Chennai,2025-05-07
1654,Mumbai,2025-05-07
1655,Mumbai,2025-05-07
1656,Pune,2025-05-07
1657,Bengaluru,2025-05-08
1658,Bengaluru,2025-05-08
1659,Hyderabad,2025-05-08
1660,Mumbai,2025-05-08
1661,Mumbai,2025-05-08
1662,Pune,2025-05-08
1663,Pune,2025-05-08
1664,Pune,2025-05-08
1665,Chennai,2025-05-09
1666,Chennai,2025-05-09
1667,Chennai,2025-05-09
1668,Chennai,2025-05-09
1669,Hyderabad,2025-05-09
1670,Mumbai,2025-05-09
1671,Mumbai,2025-05-09
1672,Hyderabad,2025-05-10
1673,Mumbai,2025-05-10
1674,Mumbai,2025-05-10
1675,Pune,2025-05-10
1676,Pune,2025-05-10
1677,Bengaluru,2025-05-11
1678,Mumbai,2025-05-11
1679,Pune,2025-05-11
1680,Hyderabad,2025-05-12
1681,Mumbai,2025-05-12
1682,Bengaluru,2025-05-13
1683,Chennai,2025-05-13
1684,Hyderabad,2025-05-13
1685,Bengaluru,2025-05-14
1686,Bengaluru,2025-05-14
1687,Chennai,2025-05-14
1688,Hyderabad,2025-05-14
1689,Mumbai,2025-05-14
1690,Mumbai,2025-05-14
1691,Pune,2025-05-14
1692,Pune,2025-05-14
1693,Chennai,2025-05-15
1694,Hyderabad,2025-05-15
1695,Hyderabad,2025-05-15
1696,Mumbai,2025-05-15
1697,Mumbai,2025-05-15
1698,Mumbai,2025-05-15
1699,Bengaluru,2025-05-16
1700,Chennai,2025-05-16
1701,Hyderabad,2025-05-16
1702,Mumbai,2025-05-16
1703,Mumbai,2025-05-16
1704,Hyderabad,2025-05-17
1705,Mumbai,2025-05-17
1706,Mumbai,2025-05-17
1707,Bengaluru,2025-05-18
1708,Bengaluru,2025-05-18
1709,Bengaluru,2025-05-18
1710,Chennai,2025-05-18
1711,Chennai,2025-05-18
1712,Mumbai,2025-05-18
1713,Pune,2025-05-18
1714,Chennai,2025-05-19
1715,Hyderabad,2025-05-19
1716,Hyderabad,2025-05-19
1717,Hyderabad,2025-05-19
1718,Bengaluru,2025-05-20
1719,Pune,2025-05-20
1720,Bengaluru,2025-05-21
1721,Mumbai,2025-05-21
1722,Mumbai,2025-05-21
1723,Bengaluru,2025-05-22
1724,Bengaluru,2025-05-22
1725,Bengaluru,2025-05-22
1726,Chennai,2025-05-22
1727,Mumbai,2025-05-22
1728,Mumbai,2025-05-22
1729,Pune,2025-05-22
1730,Bengaluru,2025-05-23
1731,Chennai,2025-05-23
1732,Hyderabad,2025-05-23
1733,Mumbai,2025-05-23
1734,Pune,2025-05-23
1735,Pune,2025-05-23
1736,Mumbai,2025-05-24
1737,Pune,2025-05-24
1738,Pune,2025-05-24
1739,Bengaluru,2025-05-25
1740,Bengaluru,2025-05-25
1741,Hyderabad,2025-05-25
1742,Mumbai,2025-05-25
1743,Bengaluru,2025-05-26
1744,Chennai,2025-05-26
1745,Chennai,2025-05-26
1746,Chennai,2025-05-26
1747,Hyderabad,2025-05-26
1748,Bengaluru,2025-05-27
1749,Bengaluru,2025-05-27
1750,Hyderabad,2025-05-27
1751,Mumbai,2025-05-27
1752,Pune,2025-05-27
1753,Pune,2025-05-27
1754,Chennai,2025-05-28
1755,Chennai,2025-05-28
1756,Chennai,2025-05-28
1757,Hyderabad,2025-05-28
1758,Hyderabad,2025-05-28
1759,Mumbai,2025-05-28
1760,Pune,2025-05-28
1761,Bengaluru,2025-05-29
1762,Bengaluru,2025-05-29
1763,Mumbai,2025-05-29
1764,Mumbai,2025-05-29
1765,Pune,2025-05-29
1766,Bengaluru,2025-05-30
1767,Hyderabad,2025-05-30
1768,Mumbai,2025-05-30
1769,Mumbai,2025-05-30
1770,Mumbai,2025-05-30
1771,Pune,2025-05-30
1772,Hyderabad,2025-05-31
1773,Mumbai,2025-05-31
1774,Pune,2025-05-31
1775,Pune,2025-05-31
1776,Pune,2025-05-31
1777,Bengaluru,2025-06-01
1778,Bengaluru,2025-06-01
1779,Bengaluru,2025-06-01
1780,Chennai,2025-06-01
1781,Chennai,2025-06-01
1782,Chennai,2025-06-01
1783,Mumbai,2025-06-01
1784,Pune,2025-06-01
1785,Pune,2025-06-01
1786,Bengaluru,2025-06-02
1787,Hyderabad,2025-06-02
1788,Mumbai,2025-06-02
1789,Pune,2025-06-02
1790,Bengaluru,2025-06-03
1791,Hyderabad,2025-06-03
1792,Hyderabad,2025-06-03
1793,Mumbai,2025-06-03
1794,Bengaluru,2025-06-04
1795,Chennai,2025-06-04
1796,Pune,2025-06-04
1797,Bengaluru,2025-06-05
1798,Bengaluru,2025-06-05
1799,Bengaluru,2025-06-05
1800,Chennai,2025-06-05
1801,Chennai,2025-06-05
1802,Chennai,2025-06-05
1803,Hyderabad,2025-06-05
1804,Mumbai,2025-06-05
1805,Mumbai,2025-06-05
1806,Mumbai,2025-06-05
1807,Bengaluru,2025-06-06
1808,Bengaluru,2025-06-06
1809,Bengaluru,2025-06-06
1810,Mumbai,2025-06-06
1811,Mumbai,2025-06-06
1812,Pune,2025-06-06
1813,Pune,2025-06-06
1814,Bengaluru,2025-06-07
1815,Mumbai,2025-06-07
1816,Mumbai,2025-06-07
1817,Mumbai,2025-06-07
1818,Pune,2025-06-07
1819,Pune,2025-06-07
1820,Bengaluru,2025-06-08
1821,Chennai,2025-06-08
1822,Chennai,2025-06-08
1823,Hyderabad,2025-06-08
1824,Hyderabad,2025-06-08
1825,Mumbai,2025-06-08
1826,Mumbai,2025-06-08
1827,Pune,2025-06-08
1828,Hyderabad,2025-06-09
1829,Hyderabad,2025-06-09
1830,Mumbai,2025-06-09
1831,Pune,2025-06-09
1832,Chennai,2025-06-10
1833,Chennai,2025-06-10
1834,Hyderabad,2025-06-10
1835,Mumbai,2025-06-10
1836,Pune,2025-06-10
1837,Bengaluru,2025-06-11
1838,Chennai,2025-06-11
1839,Chennai,2025-06-11
1840,Hyderabad,2025-06-11
1841,Pune,2025-06-11
1842,Pune,2025-06-11
1843,Pune,2025-06-11
1844,Chennai,2025-06-12
1845,Chennai,2025-06-12
1846,Hyderabad,2025-06-12
1847,Mumbai,2025-06-12
1848,Mumbai,2025-06-12
1849,Mumbai,2025-06-12
1850,Pune,2025-06-12
1851,Chennai,2025-06-13
1852,Pune,2025-06-13
1853,Chennai,2025-06-14
1854,Chennai,2025-06-14
1855,Hyderabad,2025-06-14
1856,Mumbai,2025-06-14
1857,Mumbai,2025-06-14
1858,Bengaluru,2025-06-15
1859,Bengaluru,2025-06-15
1860,Bengaluru,2025-06-15
1861,Chennai,2025-06-15
1862,Chennai,2025-06-15
1863,Hyderabad,2025-06-15
1864,Pune,2025-06-15
1865,Bengaluru,2025-06-16
1866,Pune,2025-06-16
1867,Bengaluru,2025-06-17
1868,Bengaluru,2025-06-17
1869,Mumbai,2025-06-17
1870,Mumbai,2025-06-17
1871,Pune,2025-06-17
1872,Chennai,2025-06-18
1873,Hyderabad,2025-06-18
1874,Hyderabad,2025-06-18
1875,Hyderabad,2025-06-18
1876,Mumbai,2025-06-18
1877,Bengaluru,2025-06-19
1878,Bengaluru,2025-06-20
1879,Bengaluru,2025-06-20
1880,Hyderabad,2025-06-20
1881,Mumbai,2025-06-20
1882,Bengaluru,2025-06-21
1883,Pune,2025-06-21
1884,Pune,2025-06-21
1885,Bengaluru,2025-06-22
1886,Mumbai,2025-06-22
1887,Mumbai,2025-06-22
1888,Pune,2025-06-22
1889,Pune,2025-06-22
1890,Bengaluru,2025-06-23
1891,Bengaluru,2025-06-23
1892,Chennai,2025-06-23
1893,Hyderabad,2025-06-23
1894,Hyderabad,2025-06-23
1895,Hyderabad,2025-06-23
1896,Bengaluru,2025-06-24
1897,Chennai,2025-06-24
1898,Hyderabad,2025-06-24
1899,Hyderabad,2025-06-24
1900,Mumbai,2025-06-24
1901,Mumbai,2025-06-24
1902,Pune,2025-06-24
1903,Hyderabad,2025-06-25
1904,Hyderabad,2025-06-25
1905,Hyderabad,2025-06-25
1906,Pune,2025-06-25
1907,Chennai,2025-06-26
1908,Chennai,2025-06-26
1909,Hyderabad,2025-06-26
1910,Hyderabad,2025-06-26
1911,Mumbai,2025-06-26
1912,Pune,2025-06-26
1913,Chennai,2025-06-27
1914,Chennai,2025-06-27
1915,Hyderabad,2025-06-27
1916,Pune,2025-06-27
1917,Pune,2025-06-27
1918,Chennai,2025-06-28
1919,Chennai,2025-06-28
1920,Hyderabad,2025-06-28
1921,Hyderabad,2025-06-28
1922,Mumbai,2025-06-28
1923,Mumbai,2025-06-28
1924,Pune,2025-06-28
1925,Bengaluru,2025-06-29
1926,Bengaluru,2025-06-29
1927,Hyderabad,2025-06-29
1928,Mumbai,2025-06-29
1929,Pune,2025-06-29
1930,Bengaluru,2025-06-30
1931,Bengaluru,2025-06-30
1932,Chennai,2025-06-30
1933,Hyderabad,2025-06-30
1934,Bengaluru,2025-07-01
1935,Bengaluru,2025-07-01
1936,Hyderabad,2025-07-02
1937,Hyderabad,2025-07-02
1938,Hyderabad,2025-07-02
1939,Mumbai,2025-07-02
1940,Mumbai,2025-07-02
1941,Bengaluru,2025-07-03
1942,Chennai,2025-07-03
1943,Chennai,2025-07-03
1944,Chennai,2025-07-03
1945,Bengaluru,2025-07-04
1946,Chennai,2025-07-04
1947,Chennai,2025-07-04
1948,Pune,2025-07-04
1949,Hyderabad,2025-07-05
1950,Hyderabad,2025-07-05
1951,Mumbai,2025-07-05
1952,Pune,2025-07-05
1953,Pune,2025-07-05
1954,Bengaluru,2025-07-06
1955,Bengaluru,2025-07-06
1956,Bengaluru,2025-07-06
1957,Bengaluru,2025-07-06
1958,Chennai,2025-07-06
1959,Chennai,2025-07-06
1960,Hyderabad,2025-07-06
1961,Hyderabad,2025-07-06
1962,Mumbai,2025-07-06
1963,Pune,2025-07-06
1964,Chennai,2025-07-07
1965,Hyderabad,2025-07-07
1966,Mumbai,2025-07-07
1967,Mumbai,2025-07-07
1968,Pune,2025-07-07
1969,Pune,2025-07-07
1970,Hyderabad,2025-07-08
1971,Hyderabad,2025-07-08
1972,Mumbai,2025-07-08
1973,Mumbai,2025-07-08
1974,Pune,2025-07-08
1975,Bengaluru,2025-07-09
1976,Chennai,2025-07-09
1977,Hyderabad,2025-07-09
1978,Hyderabad,2025-07-09
1979,Hyderabad,2025-07-09
1980,Mumbai,2025-07-09
1981,Pune,2025-07-09
1982,Pune,2025-07-09
1983,Hyderabad,2025-07-10
1984,Mumbai,2025-07-10
1985,Bengaluru,2025-07-11
1986,Bengaluru,2025-07-11
1987,Bengaluru,2025-07-11
1988,Chennai,2025-07-11
1989,Hyderabad,2025-07-11
1990,Hyderabad,2025-07-11
1991,Mumbai,2025-07-11
1992,Mumbai,2025-07-11
1993,Bengaluru,2025-07-12
1994,Bengaluru,2025-07-12
1995,Bengaluru,2025-07-12
1996,Chennai,2025-07-12
1997,Hyderabad,2025-07-12
1998,Hyderabad,2025-07-12
1999,Pune,2025-07-12
2000,Bengaluru,2025-07-13
2001,Hyderabad,2025-07-13
2002,Mumbai,2025-07-13
2003,Mumbai,2025-07-13
2004,Mumbai,2025-07-13
2005,Pune,2025-07-13
2006,Bengaluru,2025-07-14
2007,Chennai,2025-07-14
2008,Chennai,2025-07-14
2009,Mumbai,2025-07-14
2010,Mumbai,2025-07-14
2011,Mumbai,2025-07-14
2012,Pune,2025-07-14
2013,Pune,2025-07-14
2014,Bengaluru,2025-07-15
2015,Hyderabad,2025-07-15
2016,Hyderabad,2025-07-15
2017,Hyderabad,2025-07-15
2018,Hyderabad,2025-07-15
2019,Mumbai,2025-07-15
2020,Mumbai,2025-07-15
2021,Mumbai,2025-07-15
2022,Bengaluru,2025-07-16
2023,Bengaluru,2025-07-16
2024,Mumbai,2025-07-16
2025,Pune,2025-07-16
2026,Bengaluru,2025-07-17
2027,Bengaluru,2025-07-17
2028,Chennai,2025-07-17
2029,Hyderabad,2025-07-17
2030,Hyderabad,2025-07-17
2031,Mumbai,2025-07-17
2032,Pune,2025-07-17
2033,Bengaluru,2025-07-18
2034,Bengaluru,2025-07-18
2035,Chennai,2025-07-18
2036,Chennai,2025-07-18
2037,Mumbai,2025-07-18
2038,Pune,2025-07-18
2039,Bengaluru,2025-07-19
2040,Chennai,2025-07-19
2041,Chennai,2025-07-19
2042,Hyderabad,2025-07-19
2043,Mumbai,2025-07-19
2044,Mumbai,2025-07-19
2045,Mumbai,2025-07-19
2046,Pune,2025-07-19
2047,Pune,2025-07-19
2048,Bengaluru,2025-07-20
2049,Bengaluru,2025-07-20
2050,Hyderabad,2025-07-20
2051,Hyderabad,2025-07-20
2052,Mumbai,2025-07-20
2053,Mumbai,2025-07-20
2054,Pune,2025-07-20
2055,Pune,2025-07-20
2056,Pune,2025-07-20
2057,Pune,2025-07-20
2058,Chennai,2025-07-21
2059,Mumbai,2025-07-21
2060,Pune,2025-07-21
2061,Pune,2025-07-21
2062,Bengaluru,2025-07-22
2063,Bengaluru,2025-07-22
2064,Hyderabad,2025-07-22
2065,Hyderabad,2025-07-22
2066,Mumbai,2025-07-22
2067,Mumbai,2025-07-22
2068,Bengaluru,2025-07-23
2069,Hyderabad,2025-07-23
2070,Hyderabad,2025-07-23
2071,Mumbai,2025-07-23
2072,Mumbai,2025-07-23
2073,Pune,2025-07-23
2074,Mumbai,2025-07-24
2075,Chennai,2025-07-25
2076,Hyderabad,2025-07-25
2077,Hyderabad,2025-07-25
2078,Hyderabad,2025-07-25
2079,Pune,2025-07-25
2080,Hyderabad,2025-07-26
2081,Mumbai,2025-07-26
2082,Bengaluru,2025-07-27
2083,Mumbai,2025-07-27
2084,Pune,2025-07-27
2085,Pune,2025-07-27
2086,Pune,2025-07-27
2087,Chennai,2025-07-28
2088,Hyderabad,2025-07-28
2089,Hyderabad,2025-07-28
2090,Pune,2025-07-28
2091,Pune,2025-07-28
2092,Bengaluru,2025-07-29
2093,Bengaluru,2025-07-29
2094,Bengaluru,2025-07-29
2095,Bengaluru,2025-07-29
2096,Bengaluru,2025-07-29
2097,Mumbai,2025-07-29
2098,Pune,2025-07-29
2099,Bengaluru,2025-07-30
2100,Chennai,2025-07-30
2101,Hyderabad,2025-07-30
2102,Hyderabad,2025-07-30
2103,Hyderabad,2025-07-30
2104,Hyderabad,2025-07-30
2105,Hyderabad,2025-07-30
2106,Mumbai,2025-07-30
2107,Mumbai,2025-07-30
2108,Mumbai,2025-07-30
2109,Bengaluru,2025-07-31
2110,Bengaluru,2025-07-31
2111,Hyderabad,2025-07-31
2112,Mumbai,2025-07-31
2113,Bengaluru,2025-08-01
2114,Bengaluru,2025-08-01
2115,Mumbai,2025-08-01
2116,Bengaluru,2025-08-02
2117,Chennai,2025-08-02
2118,Hyderabad,2025-08-02
2119,Mumbai,2025-08-02
2120,Pune,2025-08-02
2121,Pune,2025-08-02
2122,Bengaluru,2025-08-03
2123,Bengaluru,2025-08-03
2124,Chennai,2025-08-03
2125,Chennai,2025-08-03
2126,Hyderabad,2025-08-03
2127,Mumbai,2025-08-03
2128,Pune,2025-08-03
2129,Bengaluru,2025-08-04
2130,Chennai,2025-08-04
2131,Hyderabad,2025-08-04
2132,Pune,2025-08-04
2133,Pune,2025-08-05
2134,Pune,2025-08-06
2135,Pune,2025-08-06
2136,Bengaluru,2025-08-07
2137,Hyderabad,2025-08-07
2138,Mumbai,2025-08-07
2139,Pune,2025-08-07
2140,Bengaluru,2025-08-08
2141,Bengaluru,2025-08-08
2142,Bengaluru,2025-08-08
2143,Hyderabad,2025-08-08
2144,Mumbai,2025-08-08
2145,Chennai,2025-08-09
2146,Hyderabad,2025-08-09
2147,Pune,2025-08-09
2148,Hyderabad,2025-08-10
2149,Hyderabad,2025-08-10
2150,Mumbai,2025-08-10
2151,Pune,2025-08-10
2152,Pune,2025-08-10
2153,Pune,2025-08-10
2154,Chennai,2025-08-11
2155,Hyderabad,2025-08-11
2156,Mumbai,2025-08-11
2157,Pune,2025-08-11
2158,Chennai,2025-08-12
2159,Chennai,2025-08-12
2160,Hyderabad,2025-08-12
2161,Mumbai,2025-08-12
2162,Pune,2025-08-12
2163,Pune,2025-08-12
2164,Pune,2025-08-12
2165,Pune,2025-08-12
2166,Bengaluru,2025-08-13
2167,Chennai,2025-08-13
2168,Chennai,2025-08-13
2169,Bengaluru,2025-08-14
2170,Chennai,2025-08-14
2171,Hyderabad,2025-08-14
2172,Hyderabad,2025-08-14
2173,Hyderabad,2025-08-14
2174,Mumbai,2025-08-14
2175,Bengaluru,2025-08-15
2176,Bengaluru,2025-08-15
2177,Bengaluru,2025-08-15
2178,Chennai,2025-08-15
2179,Chennai,2025-08-15
2180,Hyderabad,2025-08-15
2181,Hyderabad,2025-08-16
2182,Mumbai,2025-08-16
2183,Bengaluru,2025-08-17
2184,Hyderabad,2025-08-17
2185,Mumbai,2025-08-17
2186,Pune,2025-08-17
2187,Pune,2025-08-17
2188,Pune,2025-08-17
2189,Chennai,2025-08-18
2190,Hyderabad,2025-08-18
2191,Pune,2025-08-18
2192,Pune,2025-08-18
2193,Pune,2025-08-18
2194,Pune,2025-08-18
2195,Bengaluru,2025-08-19
2196,Bengaluru,2025-08-19
2197,Chennai,2025-08-19
2198,Hyderabad,2025-08-19
2199,Mumbai,2025-08-19
2200,Bengaluru,2025-08-20
2201,Bengaluru,2025-08-20
2202,Chennai,2025-08-20
2203,Mumbai,2025-08-20
2204,Pune,2025-08-20
2205,Hyderabad,2025-08-21
2206,Hyderabad,2025-08-21
2207,Bengaluru,2025-08-22
2208,Pune,2025-08-22
2209,Pune,2025-08-22
2210,Bengaluru,2025-08-23
2211,Bengaluru,2025-08-23
2212,Chennai,2025-08-23
2213,Hyderabad,2025-08-23
2214,Hyderabad,2025-08-23
2215,Mumbai,2025-08-24
2216,Mumbai,2025-08-24
2217,Bengaluru,2025-08-25
2218,Bengaluru,2025-08-25
2219,Chennai,2025-08-25
2220,Hyderabad,2025-08-25
2221,Mumbai,2025-08-25
2222,Mumbai,2025-08-25
2223,Mumbai,2025-08-25
2224,Mumbai,2025-08-25
2225,Mumbai,2025-08-25
2226,Bengaluru,2025-08-26
2227,Chennai,2025-08-26
2228,Chennai,2025-08-26
2229,Hyderabad,2025-08-26
2230,Mumbai,2025-08-26
2231,Bengaluru,2025-08-27
2232,Bengaluru,2025-08-27
2233,Hyderabad,2025-08-27
2234,Mumbai,2025-08-27
2235,Pune,2025-08-27
2236,Bengaluru,2025-08-28
2237,Chennai,2025-08-28
2238,Chennai,2025-08-28
2239,Hyderabad,2025-08-28
2240,Mumbai,2025-08-28
2241,Mumbai,2025-08-28
2242,Pune,2025-08-28
2243,Pune,2025-08-28
2244,Bengaluru,2025-08-29
2245,Bengaluru,2025-08-29
2246,Hyderabad,2025-08-29
2247,Hyderabad,2025-08-29
2248,Mumbai,2025-08-29
2249,Chennai,2025-08-30
2250,Mumbai,2025-08-30
2251,Mumbai,2025-08-30
2252,Mumbai,2025-08-30
2253,Pune,2025-08-30
2254,Bengaluru,2025-08-31
2255,Hyderabad,2025-08-31
2256,Pune,2025-08-31
2257,Bengaluru,2025-09-01
2258,Bengaluru,2025-09-01
2259,Bengaluru,2025-09-01
2260,Hyderabad,2025-09-01
2261,Mumbai,2025-09-01
2262,Pune,2025-09-01
2263,Bengaluru,2025-09-02
2264,Bengaluru,2025-09-02
2265,Chennai,2025-09-02
2266,Mumbai,2025-09-02
2267,Pune,2025-09-02
2268,Bengaluru,2025-09-03
2269,Bengaluru,2025-09-03
2270,Chennai,2025-09-03
2271,Hyderabad,2025-09-03
2272,Hyderabad,2025-09-03
2273,Mumbai,2025-09-03
2274,Pune,2025-09-03
2275,Bengaluru,2025-09-04
2276,Bengaluru,2025-09-04
2277,Chennai,2025-09-04
2278,Chennai,2025-09-04
2279,Pune,2025-09-04
2280,Pune,2025-09-04
2281,Hyderabad,2025-09-05
2282,Hyderabad,2025-09-05
2283,Hyderabad,2025-09-05
2284,Mumbai,2025-09-05
2285,Mumbai,2025-09-05
2286,Pune,2025-09-05
2287,Bengaluru,2025-09-06
2288,Mumbai,2025-09-06
2289,Mumbai,2025-09-06
2290,Mumbai,2025-09-06
2291,Pune,2025-09-06
2292,Pune,2025-09-06
2293,Chennai,2025-09-07
2294,Chennai,2025-09-07
2295,Chennai,2025-09-07
2296,Hyderabad,2025-09-07
2297,Pune,2025-09-07
2298,Bengaluru,2025-09-08
2299,Hyderabad,2025-09-08
2300,Mumbai,2025-09-08
2301,Chennai,2025-09-09
2302,Chennai,2025-09-09
2303,Chennai,2025-09-09
2304,Hyderabad,2025-09-09
2305,Mumbai,2025-09-09
2306,Mumbai,2025-09-09
2307,Mumbai,2025-09-09
2308,Pune,2025-09-09
2309,Pune,2025-09-09
2310,Bengaluru,2025-09-10
2311,Bengaluru,2025-09-10
2312,Bengaluru,2025-09-10
2313,Bengaluru,2025-09-10
2314,Bengaluru,2025-09-11
2315,Bengaluru,2025-09-11
2316,Hyderabad,2025-09-11
2317,Mumbai,2025-09-11
2318,Pune,2025-09-11
2319,Pune,2025-09-11
2320,Bengaluru,2025-09-12
2321,Mumbai,2025-09-12
2322,Pune,2025-09-12
2323,Bengaluru,2025-09-13
2324,Bengaluru,2025-09-13
2325,Pune,2025-09-13
2326,Pune,2025-09-13
2327,Bengaluru,2025-09-14
2328,Hyderabad,2025-09-14
2329,Mumbai,2025-09-14
2330,Mumbai,2025-09-14
2331,Chennai,2025-09-15
2332,Chennai,2025-09-15
2333,Mumbai,2025-09-15
2334,Hyderabad,2025-09-16
2335,Mumbai,2025-09-16
2336,Pune,2025-09-16
2337,Pune,2025-09-16
2338,Bengaluru,2025-09-17
2339,Mumbai,2025-09-17
2340,Mumbai,2025-09-17
2341,Pune,2025-09-17
2342,Bengaluru,2025-09-18
2343,Bengaluru,2025-09-18
2344,Hyderabad,2025-09-18
2345,Bengaluru,2025-09-19
2346,Chennai,2025-09-19
2347,Pune,2025-09-19
2348,Chennai,2025-09-20
2349,Mumbai,2025-09-20
2350,Mumbai,2025-09-20
2351,Mumbai,2025-09-20
2352,Bengaluru,2025-09-21
2353,Bengaluru,2025-09-21
2354,Pune,2025-09-21
2355,Pune,2025-09-21
2356,Chennai,2025-09-22
2357,Chennai,2025-09-22
2358,Chennai,2025-09-22
2359,Hyderabad,2025-09-22
2360,Hyderabad,2025-09-22
2361,Hyderabad,2025-09-22
2362,Mumbai,2025-09-22
2363,Bengaluru,2025-09-23
2364,Chennai,2025-09-23
2365,Hyderabad,2025-09-23
2366,Mumbai,2025-09-23
2367,Mumbai,2025-09-23
2368,Mumbai,2025-09-23
2369,Bengaluru,2025-09-24
2370,Chennai,2025-09-24
2371,Hyderabad,2025-09-25
2372,Mumbai,2025-09-25
2373,Pune,2025-09-25
2374,Pune,2025-09-25
2375,Chennai,2025-09-26
2376,Hyderabad,2025-09-26
2377,Pune,2025-09-26
2378,Bengaluru,2025-09-27
2379,Hyderabad,2025-09-27
2380,Pune,2025-09-27
2381,Chennai,2025-09-28
2382,Hyderabad,2025-09-28
2383,Chennai,2025-09-29
2384,Mumbai,2025-09-29
2385,Mumbai,2025-09-29
2386,Bengaluru,2025-09-30
2387,Chennai,2025-09-30
2388,Hyderabad,2025-09-30
2389,Mumbai,2025-09-30
2390,Pune,2025-09-30
2391,Chennai,2025-10-01
2392,Mumbai,2025-10-01
2393,Mumbai,2025-10-01
2394,Pune,2025-10-01
2395,Pune,2025-10-01
2396,Bengaluru,2025-10-02
2397,Bengaluru,2025-10-02
2398,Pune,2025-10-02
2399,Pune,2025-10-02
2400,Bengaluru,2025-10-03
2401,Hyderabad,2025-10-03
2402,Bengaluru,2025-10-04
2403,Bengaluru,2025-10-04
2404,Hyderabad,2025-10-04
2405,Mumbai,2025-10-04
2406,Bengaluru,2025-10-05
2407,Pune,2025-10-05
2408,Bengaluru,2025-10-06
2409,Chennai,2025-10-06
2410,Chennai,2025-10-06
2411,Chennai,2025-10-06
2412,Mumbai,2025-10-06
2413,Mumbai,2025-10-06
2414,Pune,2025-10-06
2415,Bengaluru,2025-10-07
2416,Bengaluru,2025-10-07
2417,Chennai,2025-10-07
2418,Chennai,2025-10-07
2419,Hyderabad,2025-10-07
2420,Pune,2025-10-07
2421,Pune,2025-10-07
2422,Bengaluru,2025-10-08
2423,Mumbai,2025-10-08
2424,Pune,2025-10-08
2425,Mumbai,2025-10-09
2426,Hyderabad,2025-10-10
2427,Hyderabad,2025-10-10
2428,Hyderabad,2025-10-10
2429,Mumbai,2025-10-10
2430,Chennai,2025-10-11
2431,Hyderabad,2025-10-11
2432,Mumbai,2025-10-11
2433,Mumbai,2025-10-11
2434,Pune,2025-10-11
2435,Bengaluru,2025-10-12
2436,Bengaluru,2025-10-12
2437,Chennai,2025-10-12
2438,Hyderabad,2025-10-12
2439,Hyderabad,2025-10-12
2440,Mumbai,2025-10-12
2441,Mumbai,2025-10-12
2442,Bengaluru,2025-10-13
2443,Bengaluru,2025-10-13
2444,Hyderabad,2025-10-13
2445,Pune,2025-10-13
2446,Bengaluru,2025-10-14
2447,Chennai,2025-10-14
2448,Chennai,2025-10-14
2449,Hyderabad,2025-10-14
2450,Mumbai,2025-10-14
2451,Pune,2025-10-14
2452,Mumbai,2025-10-15
2453,Mumbai,2025-10-15
2454,Mumbai,2025-10-15
2455,Mumbai,2025-10-15
2456,Mumbai,2025-10-15
2457,Mumbai,2025-10-15
2458,Chennai,2025-10-16
2459,Chennai,2025-10-16
2460,Mumbai,2025-10-16
2461,Pune,2025-10-16
2462,Bengaluru,2025-10-17
2463,Mumbai,2025-10-17
2464,Bengaluru,2025-10-18
2465,Chennai,2025-10-18
2466,Hyderabad,2025-10-18
2467,Mumbai,2025-10-18
2468,Mumbai,2025-10-18
2469,Pune,2025-10-18
2470,Bengaluru,2025-10-19
2471,Hyderabad,2025-10-19
2472,Hyderabad,2025-10-19
2473,Mumbai,2025-10-19
2474,Bengaluru,2025-10-20
2475,Bengaluru,2025-10-20
2476,Bengaluru,2025-10-20
2477,Chennai,2025-10-20
2478,Pune,2025-10-20
2479,Pune,2025-10-20
2480,Pune,2025-10-20
2481,Bengaluru,2025-10-21
2482,Chennai,2025-10-21
2483,Hyderabad,2025-10-21
2484,Mumbai,2025-10-21
2485,Pune,2025-10-21
2486,Bengaluru,2025-10-22
2487,Chennai,2025-10-22
2488,Hyderabad,2025-10-22
2489,Hyderabad,2025-10-22
2490,Bengaluru,2025-10-23
2491,Mumbai,2025-10-23
2492,Mumbai,2025-10-23
2493,Mumbai,2025-10-23
2494,Pune,2025-10-23
2495,Bengaluru,2025-10-24
2496,Bengaluru,2025-10-24
2497,Pune,2025-10-24
2498,Pune,2025-10-24
2499,Pune,2025-10-24
2500,Hyderabad,2025-10-25
2501,Hyderabad,2025-10-25
2502,Mumbai,2025-10-25
2503,Mumbai,2025-10-25
2504,Pune,2025-10-25
2505,Bengaluru,2025-10-26
2506,Hyderabad,2025-10-26
2507,Hyderabad,2025-10-26
2508,Mumbai,2025-10-26
2509,Mumbai,2025-10-26
2510,Chennai,2025-10-27
2511,Hyderabad,2025-10-27
2512,Mumbai,2025-10-27
2513,Mumbai,2025-10-27
2514,Bengaluru,2025-10-28
2515,Bengaluru,2025-10-28
2516,Hyderabad,2025-10-28
2517,Mumbai,2025-10-29
2518,Pune,2025-10-29
2519,Bengaluru,2025-10-30
2520,Bengaluru,2025-10-30
2521,Chennai,2025-10-30
2522,Mumbai,2025-10-30
2523,Mumbai,2025-10-30
2524,Mumbai,2025-10-30
2525,Pune,2025-10-30
2526,Bengaluru,2025-10-31
2527,Bengaluru,2025-10-31
2528,Bengaluru,2025-10-31
2529,Bengaluru,2025-10-31
2530,Mumbai,2025-10-31
2531,Pune,2025-10-31
2532,Pune,2025-10-31
2533,Bengaluru,2025-11-01
2534,Bengaluru,2025-11-01
2535,Chennai,2025-11-01
2536,Hyderabad,2025-11-01
2537,Hyderabad,2025-11-01
2538,Mumbai,2025-11-01
2539,Mumbai,2025-11-01
2540,Pune,2025-11-01
2541,Pune,2025-11-01
2542,Mumbai,2025-11-02
2543,Bengaluru,2025-11-03
2544,Hyderabad,2025-11-03
2545,Mumbai,2025-11-03
2546,Mumbai,2025-11-03
2547,Pune,2025-11-03
2548,Pune,2025-11-03
2549,Bengaluru,2025-11-04
2550,Chennai,2025-11-04
2551,Hyderabad,2025-11-04
2552,Mumbai,2025-11-04
2553,Hyderabad,2025-11-05
2554,Mumbai,2025-11-05
2555,Bengaluru,2025-11-06
2556,Chennai,2025-11-06
2557,Hyderabad,2025-11-06
2558,Pune,2025-11-06
2559,Chennai,2025-11-07
2560,Mumbai,2025-11-07
2561,Mumbai,2025-11-07
2562,Pune,2025-11-07
2563,Pune,2025-11-07
2564,Pune,2025-11-07
2565,Bengaluru,2025-11-08
2566,Bengaluru,2025-11-08
2567,Bengaluru,2025-11-08
2568,Bengaluru,2025-11-08
2569,Chennai,2025-11-08
2570,Hyderabad,2025-11-08
2571,Hyderabad,2025-11-08
2572,Pune,2025-11-08
2573,Mumbai,2025-11-09
2574,Mumbai,2025-11-09
2575,Mumbai,2025-11-09
2576,Bengaluru,2025-11-10
2577,Hyderabad,2025-11-10
2578,Pune,2025-11-10
2579,Pune,2025-11-10
2580,Bengaluru,2025-11-11
2581,Bengaluru,2025-11-11
2582,Hyderabad,2025-11-11
2583,Mumbai,2025-11-11
2584,Mumbai,2025-11-11
2585,Mumbai,2025-11-11
2586,Pune,2025-11-11
2587,Pune,2025-11-12
2588,Mumbai,2025-11-13
2589,Pune,2025-11-13
2590,Pune,2025-11-13
2591,Bengaluru,2025-11-14
2592,Bengaluru,2025-11-14
2593,Chennai,2025-11-14
2594,Hyderabad,2025-11-14
2595,Mumbai,2025-11-14
2596,Pune,2025-11-14
2597,Bengaluru,2025-11-15
2598,Chennai,2025-11-15
2599,Mumbai,2025-11-15
2600,Mumbai,2025-11-15
2601,Chennai,2025-11-16
2602,Hyderabad,2025-11-16
2603,Hyderabad,2025-11-16
2604,Mumbai,2025-11-16
2605,Pune,2025-11-16
2606,Pune,2025-11-16
2607,Hyderabad,2025-11-17
2608,Mumbai,2025-11-17
2609,Hyderabad,2025-11-18
2610,Mumbai,2025-11-18
2611,Pune,2025-11-19
2612,Pune,2025-11-19
2613,Pune,2025-11-19
2614,Pune,2025-11-19
2615,Chennai,2025-11-20
2616,Chennai,2025-11-20
2617,Hyderabad,2025-11-20
2618,Hyderabad,2025-11-20
2619,Mumbai,2025-11-20
2620,Mumbai,2025-11-20
2621,Mumbai,2025-11-20
2622,Mumbai,2025-11-20
2623,Pune,2025-11-20
2624,Bengaluru,2025-11-21
2625,Bengaluru,2025-11-21
2626,Bengaluru,2025-11-21
2627,Hyderabad,2025-11-21
2628,Pune,2025-11-21
2629,Chennai,2025-11-22
2630,Hyderabad,2025-11-22
2631,Mumbai,2025-11-22
2632,Mumbai,2025-11-22
2633,Mumbai,2025-11-22
2634,Bengaluru,2025-11-23
2635,Bengaluru,2025-11-23
2636,Bengaluru,2025-11-23
2637,Bengaluru,2025-11-23
2638,Bengaluru,2025-11-23
2639,Mumbai,2025-11-23
2640,Chennai,2025-11-24
2641,Mumbai,2025-11-24
2642,Bengaluru,2025-11-25
2643,Hyderabad,2025-11-25
2644,Mumbai,2025-11-25
2645,Mumbai,2025-11-25
2646,Pune,2025-11-25
2647,Pune,2025-11-25
2648,Pune,2025-11-25
2649,Bengaluru,2025-11-26
2650,Hyderabad,2025-11-26
2651,Mumbai,2025-11-26
2652,Mumbai,2025-11-26
2653,Pune,2025-11-26
2654,Chennai,2025-11-27
2655,Chennai,2025-11-27
2656,Hyderabad,2025-11-27
2657,Mumbai,2025-11-27
2658,Mumbai,2025-11-27
2659,Mumbai,2025-11-27
2660,Pune,2025-11-27
2661,Mumbai,2025-11-28
2662,Pune,2025-11-28
2663,Bengaluru,2025-11-29
2664,Chennai,2025-11-29
2665,Chennai,2025-11-29
2666,Hyderabad,2025-11-29
2667,Mumbai,2025-11-29
2668,Mumbai,2025-11-29
2669,Pune,2025-11-30
2670,Chennai,2025-12-01
2671,Hyderabad,2025-12-01
2672,Mumbai,2025-12-01
2673,Pune,2025-12-01
2674,Hyderabad,2025-12-03
2675,Mumbai,2025-12-03
2676,Pune,2025-12-03
2677,Bengaluru,2025-12-04
2678,Bengaluru,2025-12-04
2679,Chennai,2025-12-04
2680,Hyderabad,2025-12-04
2681,Pune,2025-12-04
2682,Hyderabad,2025-12-05
2683,Mumbai,2025-12-05
2684,Pune,2025-12-05
2685,Bengaluru,2025-12-06
2686,Hyderabad,2025-12-06
2687,Mumbai,2025-12-06
2688,Hyderabad,2025-12-07
2689,Mumbai,2025-12-07
2690,Pune,2025-12-07
2691,Pune,2025-12-07
2692,Bengaluru,2025-12-08
2693,Chennai,2025-12-08
2694,Pune,2025-12-08
2695,Bengaluru,2025-12-09
2696,Chennai,2025-12-09
2697,Hyderabad,2025-12-09
2698,Mumbai,2025-12-09
2699,Hyderabad,2025-12-10
2700,Mumbai,2025-12-10
2701,Mumbai,2025-12-10
2702,Bengaluru,2025-12-11
2703,Chennai,2025-12-11
2704,Pune,2025-12-11
2705,Bengaluru,2025-12-12
2706,Bengaluru,2025-12-12
2707,Mumbai,2025-12-12
2708,Pune,2025-12-12
2709,Bengaluru,2025-12-13
2710,Chennai,2025-12-13
2711,Chennai,2025-12-13
2712,Bengaluru,2025-12-15
2713,Bengaluru,2025-12-15
2714,Hyderabad,2025-12-15
2715,Pune,2025-12-15
2716,Bengaluru,2025-12-16
2717,Chennai,2025-12-16
2718,Mumbai,2025-12-16
2719,Chennai,2025-12-17
2720,Hyderabad,2025-12-17
2721,Hyderabad,2025-12-17
2722,Hyderabad,2025-12-17
2723,Hyderabad,2025-12-17
2724,Mumbai,2025-12-17
2725,Hyderabad,2025-12-18
2726,Hyderabad,2025-12-18
2727,Mumbai,2025-12-18
2728,Bengaluru,2025-12-19
2729,Bengaluru,2025-12-19
2730,Chennai,2025-12-19
2731,Hyderabad,2025-12-19
2732,Mumbai,2025-12-19
2733,Pune,2025-12-19
2734,Pune,2025-12-19
2735,Bengaluru,2025-12-20
2736,Bengaluru,2025-12-20
2737,Mumbai,2025-12-20
2738,Pune,2025-12-20
2739,Chennai,2025-12-21
2740,Hyderabad,2025-12-21
2741,Hyderabad,2025-12-21
2742,Mumbai,2025-12-21
2743,Bengaluru,2025-12-22
2744,Bengaluru,2025-12-22
2745,Chennai,2025-12-22
2746,Hyderabad,2025-12-22
2747,Hyderabad,2025-12-22
2748,Hyderabad,2025-12-22
2749,Bengaluru,2025-12-23
2750,Mumbai,2025-12-23
2751,Bengaluru,2025-12-24
2752,Mumbai,2025-12-24
2753,Mumbai,2025-12-24
2754,Pune,2025-12-24
2755,Bengaluru,2025-12-25
2756,Chennai,2025-12-25
2757,Chennai,2025-12-25
2758,Hyderabad,2025-12-25
2759,Mumbai,2025-12-25
2760,Mumbai,2025-12-25
2761,Mumbai,2025-12-25
2762,Mumbai,2025-12-25
2763,Pune,2025-12-25
2764,Pune,2025-12-25
2765,Bengaluru,2025-12-26
2766,Chennai,2025-12-26
2767,Hyderabad,2025-12-26
2768,Mumbai,2025-12-26
2769,Pune,2025-12-26
2770,Mumbai,2025-12-27
2771,Pune,2025-12-27
2772,Chennai,2025-12-28
2773,Hyderabad,2025-12-28
2774,Bengaluru,2025-12-29
2775,Hyderabad,2025-12-29
2776,Mumbai,2025-12-29
2777,Pune,2025-12-29
2778,Bengaluru,2025-12-30
2779,Chennai,2025-12-30
2780,Hyderabad,2025-12-30
2781,Mumbai,2025-12-30
2782,Bengaluru,2025-12-31
2783,Chennai,2025-12-31
2784,Chennai,2025-12-31
2785,Chennai,2025-12-31
2786,Hyderabad,2025-12-31
2787,Mumbai,2025-12-31
2788,Pune,2025-12-31
2789,Bengaluru,2026-01-01
2790,Bengaluru,2026-01-01
2791,Chennai,2026-01-01
2792,Mumbai,2026-01-01
2793,Pune,2026-01-01
2794,Bengaluru,2026-01-02
2795,Bengaluru,2026-01-02
2796,Mumbai,2026-01-02
2797,Mumbai,2026-01-02
2798,Pune,2026-01-02
2799,Pune,2026-01-02
2800,Bengaluru,2026-01-03
2801,Bengaluru,2026-01-03
2802,Chennai,2026-01-03
2803,Chennai,2026-01-03
2804,Chennai,2026-01-03
2805,Mumbai,2026-01-03
2806,Pune,2026-01-03
2807,Bengaluru,2026-01-04
2808,Chennai,2026-01-04
2809,Mumbai,2026-01-04
2810,Mumbai,2026-01-04
2811,Bengaluru,2026-01-05
2812,Bengaluru,2026-01-05
2813,Mumbai,2026-01-05
2814,Mumbai,2026-01-05
2815,Mumbai,2026-01-05
2816,Chennai,2026-01-06
2817,Chennai,2026-01-06
2818,Hyderabad,2026-01-06
2819,Mumbai,2026-01-06
2820,Mumbai,2026-01-06
2821,Mumbai,2026-01-06
2822,Pune,2026-01-06
2823,Bengaluru,2026-01-07
2824,Bengaluru,2026-01-07
2825,Bengaluru,2026-01-07
2826,Bengaluru,2026-01-07
2827,Chennai,2026-01-07
2828,Hyderabad,2026-01-07
2829,Hyderabad,2026-01-07
2830,Mumbai,2026-01-07
2831,Mumbai,2026-01-07
2832,Pune,2026-01-07
2833,Pune,2026-01-07
2834,Hyderabad,2026-01-08
2835,Mumbai,2026-01-08
2836,Mumbai,2026-01-08
2837,Pune,2026-01-08
2838,Pune,2026-01-08
2839,Pune,2026-01-08
2840,Bengaluru,2026-01-09
2841,Bengaluru,2026-01-09
2842,Bengaluru,2026-01-10
2843,Chennai,2026-01-10
2844,Bengaluru,2026-01-11
2845,Chennai,2026-01-11
2846,Mumbai,2026-01-11
2847,Bengaluru,2026-01-12
2848,Hyderabad,2026-01-12
2849,Mumbai,2026-01-12
2850,Pune,2026-01-12
2851,Bengaluru,2026-01-13
2852,Chennai,2026-01-13
2853,Hyderabad,2026-01-13
2854,Mumbai,2026-01-13
2855,Bengaluru,2026-01-14
2856,Chennai,2026-01-14
2857,Hyderabad,2026-01-14
2858,Hyderabad,2026-01-14
2859,Hyderabad,2026-01-14
2860,Mumbai,2026-01-14
2861,Mumbai,2026-01-14
2862,Mumbai,2026-01-14
2863,Bengaluru,2026-01-15
2864,Mumbai,2026-01-15
2865,Pune,2026-01-15
2866,Pune,2026-01-15
2867,Mumbai,2026-01-16
2868,Pune,2026-01-16
2869,Bengaluru,2026-01-17
2870,Chennai,2026-01-17
2871,Mumbai,2026-01-17
2872,Pune,2026-01-17
2873,Pune,2026-01-17
2874,Pune,2026-01-17
2875,Hyderabad,2026-01-18
2876,Hyderabad,2026-01-18
2877,Mumbai,2026-01-18
2878,Mumbai,2026-01-18
2879,Pune,2026-01-18
2880,Bengaluru,2026-01-19
2881,Mumbai,2026-01-19
2882,Bengaluru,2026-01-20
2883,Bengaluru,2026-01-20
2884,Hyderabad,2026-01-20
2885,Mumbai,2026-01-20
2886,Mumbai,2026-01-20
2887,Mumbai,2026-01-20
2888,Mumbai,2026-01-20
2889,Bengaluru,2026-01-21
2890,Bengaluru,2026-01-21
2891,Hyderabad,2026-01-21
2892,Hyderabad,2026-01-21
2893,Mumbai,2026-01-21
2894,Mumbai,2026-01-21
2895,Mumbai,2026-01-21
2896,Bengaluru,2026-01-22
2897,Chennai,2026-01-22
2898,Hyderabad,2026-01-22
2899,Bengaluru,2026-01-23
2900,Chennai,2026-01-23
2901,Mumbai,2026-01-23
2902,Hyderabad,2026-01-24
2903,Hyderabad,2026-01-25
2904,Mumbai,2026-01-25
2905,Mumbai,2026-01-25
2906,Pune,2026-01-25
2907,Bengaluru,2026-01-26
2908,Hyderabad,2026-01-26
2909,Mumbai,2026-01-26
2910,Mumbai,2026-01-27
2911,Pune,2026-01-27
2912,Pune,2026-01-27
2913,Chennai,2026-01-28
2914,Pune,2026-01-28
2915,Bengaluru,2026-01-29
2916,Bengaluru,2026-01-29
2917,Mumbai,2026-01-29
2918,Pune,2026-01-29
2919,Bengaluru,2026-01-30
2920,Mumbai,2026-01-30
2921,Mumbai,2026-01-30
2922,Pune,2026-01-30
2923,Pune,2026-01-30
2924,Bengaluru,2026-01-31
2925,Bengaluru,2026-01-31
2926,Bengaluru,2026-01-31
2927,Chennai,2026-01-31
2928,Mumbai,2026-01-31
2929,Pune,2026-01-31
2930,Bengaluru,2026-02-01
2931,Hyderabad,2026-02-01
2932,Mumbai,2026-02-01
2933,Mumbai,2026-02-01
2934,Mumbai,2026-02-01
2935,Pune,2026-02-01
2936,Pune,2026-02-01
2937,Bengaluru,2026-02-02
2938,Hyderabad,2026-02-02
2939,Hyderabad,2026-02-02
2940,Hyderabad,2026-02-02
2941,Pune,2026-02-02
2942,Pune,2026-02-02
2943,Bengaluru,2026-02-03
2944,Hyderabad,2026-02-03
2945,Hyderabad,2026-02-03
2946,Mumbai,2026-02-03
2947,Pune,2026-02-03
2948,Bengaluru,2026-02-04
2949,Hyderabad,2026-02-04
2950,Mumbai,2026-02-04
2951,Mumbai,2026-02-04
2952,Bengaluru,2026-02-05
2953,Chennai,2026-02-05
2954,Hyderabad,2026-02-05
2955,Hyderabad,2026-02-05
2956,Pune,2026-02-05
2957,Bengaluru,2026-02-06
2958,Bengaluru,2026-02-06
2959,Mumbai,2026-02-06
2960,Mumbai,2026-02-06
2961,Pune,2026-02-06
2962,Chennai,2026-02-07
2963,Hyderabad,2026-02-07
2964,Pune,2026-02-07
2965,Bengaluru,2026-02-08
2966,Hyderabad,2026-02-08
2967,Hyderabad,2026-02-08
2968,Bengaluru,2026-02-09
2969,Chennai,2026-02-09
2970,Chennai,2026-02-09
2971,Hyderabad,2026-02-09
2972,Mumbai,2026-02-09
2973,Mumbai,2026-02-09
2974,Mumbai,2026-02-09
2975,Mumbai,2026-02-10
2976,Pune,2026-02-10
2977,Bengaluru,2026-02-11
2978,Chennai,2026-02-11
2979,Hyderabad,2026-02-11
2980,Mumbai,2026-02-11
2981,Pune,2026-02-11
2982,Bengaluru,2026-02-12
2983,Chennai,2026-02-12
2984,Hyderabad,2026-02-12
2985,Mumbai,2026-02-12
2986,Pune,2026-02-12
2987,Pune,2026-02-12
2988,Bengaluru,2026-02-13
2989,Bengaluru,2026-02-13
2990,Chennai,2026-02-13
2991,Chennai,2026-02-13
2992,Hyderabad,2026-02-13
2993,Pune,2026-02-13
2994,Pune,2026-02-13
2995,Chennai,2026-02-14
2996,Hyderabad,2026-02-14
2997,Mumbai,2026-02-14
2998,Mumbai,2026-02-14
2999,Pune,2026-02-14
3000,Pune,2026-02-14
3001,Bengaluru,2026-02-15
3002,Bengaluru,2026-02-15
3003,Chennai,2026-02-15
3004,Hyderabad,2026-02-15
3005,Mumbai,2026-02-15
3006,Hyderabad,2026-02-16
3007,Bengaluru,2026-02-17
3008,Bengaluru,2026-02-17
3009,Bengaluru,2026-02-17
3010,Bengaluru,2026-02-18
3011,Hyderabad,2026-02-18
3012,Hyderabad,2026-02-18
3013,Chennai,2026-02-19
3014,Hyderabad,2026-02-19
3015,Mumbai,2026-02-19
3016,Mumbai,2026-02-19
3017,Pune,2026-02-19
3018,Bengaluru,2026-02-20
3019,Chennai,2026-02-20
3020,Mumbai,2026-02-20
3021,Mumbai,2026-02-20
3022,Mumbai,2026-02-20
3023,Pune,2026-02-20
3024,Pune,2026-02-20
3025,Bengaluru,2026-02-21
3026,Chennai,2026-02-21
3027,Hyderabad,2026-02-21
3028,Mumbai,2026-02-21
3029,Mumbai,2026-02-21
3030,Pune,2026-02-21
3031,Pune,2026-02-21
3032,Mumbai,2026-02-22
3033,Mumbai,2026-02-22
3034,Mumbai,2026-02-22
3035,Mumbai,2026-02-22
3036,Bengaluru,2026-02-23
3037,Chennai,2026-02-23
3038,Chennai,2026-02-23
3039,Chennai,2026-02-23
3040,Bengaluru,2026-02-24
3041,Hyderabad,2026-02-24
3042,Hyderabad,2026-02-24
3043,Mumbai,2026-02-24
3044,Bengaluru,2026-02-25
3045,Bengaluru,2026-02-25
3046,Mumbai,2026-02-25
3047,Pune,2026-02-25
3048,Pune,2026-02-25
3049,Chennai,2026-02-26
3050,Hyderabad,2026-02-26
3051,Mumbai,2026-02-26
3052,Pune,2026-02-26
3053,Bengaluru,2026-02-27
3054,Bengaluru,2026-02-27
3055,Mumbai,2026-02-27
3056,Mumbai,2026-02-27
3057,Mumbai,2026-02-27
3058,Bengaluru,2026-02-28
3059,Chennai,2026-02-28
3060,Mumbai,2026-02-28
3061,Mumbai,2026-02-28
3062,Mumbai,2026-02-28
3063,Mumbai,2026-03-01
3064,Pune,2026-03-01
3065,Bengaluru,2026-03-02
3066,Chennai,2026-03-02
3067,Hyderabad,2026-03-02
3068,Hyderabad,2026-03-02
3069,Mumbai,2026-03-02
3070,Bengaluru,2026-03-03
3071,Mumbai,2026-03-03
3072,Mumbai,2026-03-03
3073,Mumbai,2026-03-03
3074,Pune,2026-03-03
3075,Bengaluru,2026-03-04
3076,Chennai,2026-03-04
3077,Hyderabad,2026-03-04
3078,Mumbai,2026-03-04
3079,Chennai,2026-03-05
3080,Pune,2026-03-05
3081,Mumbai,2026-03-06
3082,Pune,2026-03-06
3083,Pune,2026-03-06
3084,Bengaluru,2026-03-07
3085,Bengaluru,2026-03-07
3086,Bengaluru,2026-03-07
3087,Bengaluru,2026-03-07
3088,Chennai,2026-03-07
3089,Hyderabad,2026-03-07
3090,Hyderabad,2026-03-07
3091,Mumbai,2026-03-07
3092,Pune,2026-03-07
3093,Hyderabad,2026-03-08
3094,Mumbai,2026-03-08
3095,Pune,2026-03-08
3096,Bengaluru,2026-03-09
3097,Hyderabad,2026-03-09
3098,Mumbai,2026-03-09
3099,Mumbai,2026-03-09
3100,Mumbai,2026-03-09
3101,Mumbai,2026-03-09
3102,Bengaluru,2026-03-10
3103,Bengaluru,2026-03-10
3104,Bengaluru,2026-03-10
3105,Bengaluru,2026-03-10
3106,Hyderabad,2026-03-10
3107,Hyderabad,2026-03-10
3108,Mumbai,2026-03-10
3109,Pune,2026-03-10
3110,Pune,2026-03-10
3111,Bengaluru,2026-03-11
3112,Bengaluru,2026-03-11
3113,Chennai,2026-03-11
3114,Chennai,2026-03-11
3115,Mumbai,2026-03-11
3116,Mumbai,2026-03-11
3117,Bengaluru,2026-03-12
3118,Chennai,2026-03-12
3119,Chennai,2026-03-12
3120,Mumbai,2026-03-12
3121,Pune,2026-03-12
3122,Bengaluru,2026-03-13
3123,Hyderabad,2026-03-13
3124,Hyderabad,2026-03-13
3125,Hyderabad,2026-03-13
3126,Mumbai,2026-03-13
3127,Mumbai,2026-03-13
3128,Mumbai,2026-03-13
3129,Pune,2026-03-13
3130,Pune,2026-03-13
3131,Bengaluru,2026-03-14
3132,Hyderabad,2026-03-14
3133,Hyderabad,2026-03-14
3134,Mumbai,2026-03-14
3135,Pune,2026-03-14
3136,Bengaluru,2026-03-15
3137,Bengaluru,2026-03-15
3138,Hyderabad,2026-03-15
3139,Pune,2026-03-15
3140,Chennai,2026-03-16
3141,Chennai,2026-03-16
3142,Chennai,2026-03-16
3143,Mumbai,2026-03-16
3144,Mumbai,2026-03-16
3145,Pune,2026-03-16
3146,Pune,2026-03-16
3147,Pune,2026-03-16
3148,Chennai,2026-03-17
3149,Chennai,2026-03-17
3150,Hyderabad,2026-03-17
3151,Hyderabad,2026-03-17
3152,Pune,2026-03-17
3153,Bengaluru,2026-03-18
3154,Bengaluru,2026-03-18
3155,Pune,2026-03-18
3156,Bengaluru,2026-03-19
3157,Bengaluru,2026-03-19
3158,Hyderabad,2026-03-19
3159,Mumbai,2026-03-19
3160,Mumbai,2026-03-19
3161,Pune,2026-03-19
3162,Pune,2026-03-19
3163,Bengaluru,2026-03-20
3164,Bengaluru,2026-03-20
3165,Chennai,2026-03-20
3166,Mumbai,2026-03-20
3167,Pune,2026-03-20
3168,Bengaluru,2026-03-21
3169,Bengaluru,2026-03-21
3170,Pune,2026-03-21
3171,Bengaluru,2026-03-22
3172,Bengaluru,2026-03-22
3173,Bengaluru,2026-03-22
3174,Chennai,2026-03-22
3175,Pune,2026-03-22
3176,Pune,2026-03-22
3177,Bengaluru,2026-03-24
3178,Bengaluru,2026-03-24
3179,Chennai,2026-03-24
3180,Chennai,2026-03-24
3181,Mumbai,2026-03-24
3182,Mumbai,2026-03-24
3183,Mumbai,2026-03-24
3184,Pune,2026-03-24
3185,Bengaluru,2026-03-25
3186,Bengaluru,2026-03-25
3187,Chennai,2026-03-25
3188,Hyderabad,2026-03-25
3189,Hyderabad,2026-03-25
3190,Pune,2026-03-25
3191,Bengaluru,2026-03-26
3192,Chennai,2026-03-26
3193,Mumbai,2026-03-26
3194,Pune,2026-03-26
3195,Bengaluru,2026-03-27
3196,Bengaluru,2026-03-27
3197,Chennai,2026-03-27
3198,Mumbai,2026-03-27
3199,Pune,2026-03-27
3200,Bengaluru,2026-03-28
3201,Hyderabad,2026-03-28
3202,Bengaluru,2026-03-29
3203,Hyderabad,2026-03-29
3204,Mumbai,2026-03-29
3205,Mumbai,2026-03-29
3206,Mumbai,2026-03-29
3207,Mumbai,2026-03-29
3208,Mumbai,2026-03-29
3209,Pune,2026-03-29
3210,Pune,2026-03-29
3211,Mumbai,2026-03-30
3212,Mumbai,2026-03-30
3213,Mumbai,2026-03-30
3214,Pune,2026-03-30
3215,Bengaluru,2026-03-31
3216,Chennai,2026-03-31
3217,Mumbai,2026-03-31
3218,Mumbai,2026-03-31
3219,Bengaluru,2026-04-01
3220,Bengaluru,2026-04-01
3221,Chennai,2026-04-01
3222,Hyderabad,2026-04-01
3223,Mumbai,2026-04-01
3224,Mumbai,2026-04-01
3225,Pune,2026-04-01
3226,Chennai,2026-04-02
3227,Hyderabad,2026-04-02
3228,Hyderabad,2026-04-02
3229,Mumbai,2026-04-02
3230,Pune,2026-04-02
3231,Pune,2026-04-02
3232,Pune,2026-04-02
3233,Bengaluru,2026-04-03
3234,Mumbai,2026-04-03
3235,Mumbai,2026-04-03
3236,Mumbai,2026-04-03
3237,Pune,2026-04-03
3238,Bengaluru,2026-04-04
3239,Hyderabad,2026-04-04
3240,Hyderabad,2026-04-04
3241,Mumbai,2026-04-04
3242,Mumbai,2026-04-04
3243,Mumbai,2026-04-04
3244,Bengaluru,2026-04-05
3245,Hyderabad,2026-04-05
3246,Hyderabad,2026-04-05
3247,Mumbai,2026-04-05
3248,Mumbai,2026-04-05
3249,Mumbai,2026-04-05
3250,Pune,2026-04-05
3251,Chennai,2026-04-06
3252,Hyderabad,2026-04-06
3253,Mumbai,2026-04-06
3254,Mumbai,2026-04-06
3255,Pune,2026-04-06
3256,Pune,2026-04-06
3257,Bengaluru,2026-04-07
3258,Hyderabad,2026-04-07
3259,Mumbai,2026-04-07
3260,Pune,2026-04-07
3261,Bengaluru,2026-04-08
3262,Hyderabad,2026-04-08
3263,Pune,2026-04-08
3264,Pune,2026-04-08
3265,Pune,2026-04-08
3266,Bengaluru,2026-04-09
3267,Bengaluru,2026-04-09
3268,Mumbai,2026-04-09
3269,Bengaluru,2026-04-10
3270,Bengaluru,2026-04-10
3271,Chennai,2026-04-10
3272,Hyderabad,2026-04-10
3273,Pune,2026-04-10
3274,Bengaluru,2026-04-11
3275,Hyderabad,2026-04-11
3276,Mumbai,2026-04-11
3277,Mumbai,2026-04-12
3278,Pune,2026-04-12
3279,Bengaluru,2026-04-13
3280,Bengaluru,2026-04-13
3281,Bengaluru,2026-04-13
3282,Hyderabad,2026-04-13
3283,Hyderabad,2026-04-13
3284,Mumbai,2026-04-13
3285,Pune,2026-04-13
3286,Bengaluru,2026-04-14
3287,Mumbai,2026-04-14
3288,Chennai,2026-04-15
3289,Mumbai,2026-04-15
3290,Mumbai,2026-04-15
3291,Bengaluru,2026-04-16
3292,Chennai,2026-04-16
3293,Hyderabad,2026-04-16
3294,Mumbai,2026-04-16
3295,Mumbai,2026-04-16
3296,Mumbai,2026-04-16
3297,Pune,2026-04-16
3298,Pune,2026-04-16
3299,Bengaluru,2026-04-17
3300,Bengaluru,2026-04-17
3301,Bengaluru,2026-04-17
3302,Hyderabad,2026-04-17
3303,Hyderabad,2026-04-17
3304,Hyderabad,2026-04-17
3305,Mumbai,2026-04-17
3306,Bengaluru,2026-04-18
3307,Pune,2026-04-18
3308,Bengaluru,2026-04-19
3309,Bengaluru,2026-04-19
3310,Chennai,2026-04-19
3311,Hyderabad,2026-04-19
3312,Mumbai,2026-04-19
3313,Mumbai,2026-04-19
3314,Mumbai,2026-04-19
3315,Mumbai,2026-04-19
3316,Pune,2026-04-19
3317,Bengaluru,2026-04-20
3318,Hyderabad,2026-04-20
3319,Hyderabad,2026-04-20
3320,Hyderabad,2026-04-20
3321,Pune,2026-04-20
3322,Pune,2026-04-20
3323,Pune,2026-04-20
3324,Chennai,2026-04-21
3325,Hyderabad,2026-04-21
3326,Pune,2026-04-21
3327,Bengaluru,2026-04-22
3328,Bengaluru,2026-04-22
3329,Hyderabad,2026-04-22
3330,Hyderabad,2026-04-22
3331,Hyderabad,2026-04-22
3332,Mumbai,2026-04-22
3333,Mumbai,2026-04-22
3334,Mumbai,2026-04-22
3335,Pune,2026-04-22
3336,Pune,2026-04-22
3337,Chennai,2026-04-23
3338,Hyderabad,2026-04-23
3339,Chennai,2026-04-24
3340,Mumbai,2026-04-24
3341,Bengaluru,2026-04-25
3342,Chennai,2026-04-25
3343,Chennai,2026-04-25
3344,Chennai,2026-04-25
3345,Pune,2026-04-25
3346,Bengaluru,2026-04-26
3347,Chennai,2026-04-26
3348,Hyderabad,2026-04-26
3349,Pune,2026-04-26
3350,Bengaluru,2026-04-27
3351,Hyderabad,2026-04-27
3352,Hyderabad,2026-04-27
3353,Bengaluru,2026-04-28
3354,Hyderabad,2026-04-28
3355,Mumbai,2026-04-28
3356,Bengaluru,2026-04-29
3357,Bengaluru,2026-04-29
3358,Chennai,2026-04-29
3359,Hyderabad,2026-04-29
3360,Hyderabad,2026-04-29
3361,Mumbai,2026-04-29
3362,Mumbai,2026-04-29
3363,Chennai,2026-04-30
3364,Hyderabad,2026-04-30
3365,Mumbai,2026-04-30
3366,Pune,2026-04-30
3367,Chennai,2026-05-01
3368,Chennai,2026-05-01
3369,Pune,2026-05-01
3370,Bengaluru,2026-05-02
3371,Chennai,2026-05-02
3372,Chennai,2026-05-02
3373,Hyderabad,2026-05-02
3374,Hyderabad,2026-05-02
3375,Pune,2026-05-02
3376,Pune,2026-05-02
3377,Pune,2026-05-02
3378,Bengaluru,2026-05-03
3379,Chennai,2026-05-03
3380,Chennai,2026-05-03
3381,Mumbai,2026-05-03
3382,Mumbai,2026-05-03
3383,Chennai,2026-05-04
3384,Mumbai,2026-05-04
3385,Pune,2026-05-04
3386,Pune,2026-05-04
3387,Bengaluru,2026-05-05
3388,Bengaluru,2026-05-05
3389,Bengaluru,2026-05-05
3390,Mumbai,2026-05-05
3391,Mumbai,2026-05-05
3392,Bengaluru,2026-05-06
3393,Bengaluru,2026-05-06
3394,Bengaluru,2026-05-06
3395,Bengaluru,2026-05-06
3396,Hyderabad,2026-05-06
3397,Mumbai,2026-05-06
3398,Pune,2026-05-06
3399,Chennai,2026-05-07
3400,Mumbai,2026-05-07
3401,Mumbai,2026-05-07
3402,Mumbai,2026-05-07
3403,Chennai,2026-05-08
3404,Hyderabad,2026-05-08
3405,Mumbai,2026-05-08
3406,Mumbai,2026-05-08
3407,Mumbai,2026-05-09
3408,Pune,2026-05-09
3409,Bengaluru,2026-05-10
3410,Chennai,2026-05-10
3411,Chennai,2026-05-10
3412,Mumbai,2026-05-10
3413,Pune,2026-05-10
3414,Pune,2026-05-10
3415,Bengaluru,2026-05-11
3416,Bengaluru,2026-05-11
3417,Bengaluru,2026-05-11
3418,Chennai,2026-05-11
3419,Chennai,2026-05-11
3420,Chennai,2026-05-11
3421,Mumbai,2026-05-11
3422,Mumbai,2026-05-11
3423,Mumbai,2026-05-11
3424,Chennai,2026-05-12
3425,Chennai,2026-05-12
3426,Chennai,2026-05-12
3427,Hyderabad,2026-05-12
3428,Hyderabad,2026-05-12
3429,Hyderabad,2026-05-12
3430,Mumbai,2026-05-12
3431,Pune,2026-05-12
3432,Pune,2026-05-12
3433,Pune,2026-05-12
3434,Bengaluru,2026-05-13
3435,Chennai,2026-05-13
3436,Mumbai,2026-05-13
3437,Pune,2026-05-13
3438,Pune,2026-05-13
3439,Pune,2026-05-13
3440,Bengaluru,2026-05-14
3441,Chennai,2026-05-14
3442,Hyderabad,2026-05-14
3443,Bengaluru,2026-05-15
3444,Bengaluru,2026-05-16
3445,Hyderabad,2026-05-16
3446,Hyderabad,2026-05-16
3447,Mumbai,2026-05-16
3448,Pune,2026-05-16
3449,Pune,2026-05-16
3450,Bengaluru,2026-05-17
3451,Bengaluru,2026-05-17
3452,Hyderabad,2026-05-17
3453,Mumbai,2026-05-17
3454,Mumbai,2026-05-17
3455,Pune,2026-05-17
3456,Pune,2026-05-17
3457,Bengaluru,2026-05-18
3458,Chennai,2026-05-18
3459,Mumbai,2026-05-18
3460,Mumbai,2026-05-18
3461,Mumbai,2026-05-18
3462,Pune,2026-05-18
3463,Pune,2026-05-18
3464,Bengaluru,2026-05-19
3465,Chennai,2026-05-19
3466,Chennai,2026-05-19
3467,Hyderabad,2026-05-19
3468,Mumbai,2026-05-19
3469,Mumbai,2026-05-19
3470,Mumbai,2026-05-19
3471,Pune,2026-05-19
3472,Pune,2026-05-19
3473,Pune,2026-05-19
3474,Pune,2026-05-19
3475,Pune,2026-05-19
3476,Bengaluru,2026-05-20
3477,Pune,2026-05-20
3478,Pune,2026-05-20
3479,Chennai,2026-05-21
3480,Hyderabad,2026-05-21
3481,Mumbai,2026-05-21
3482,Mumbai,2026-05-21
3483,Mumbai,2026-05-22
3484,Mumbai,2026-05-22
3485,Mumbai,2026-05-22
3486,Mumbai,2026-05-22
3487,Bengaluru,2026-05-23
3488,Bengaluru,2026-05-23
3489,Bengaluru,2026-05-23
3490,Mumbai,2026-05-23
3491,Mumbai,2026-05-23
3492,Bengaluru,2026-05-24
3493,Bengaluru,2026-05-24
3494,Bengaluru,2026-05-24
3495,Chennai,2026-05-24
3496,Chennai,2026-05-24
3497,Hyderabad,2026-05-24
3498,Hyderabad,2026-05-24
3499,Pune,2026-05-24
3500,Pune,2026-05-24
3501,Hyderabad,2026-05-25
3502,Mumbai,2026-05-25
3503,Bengaluru,2026-05-26
3504,Bengaluru,2026-05-26
3505,Mumbai,2026-05-26
3506,Mumbai,2026-05-26
3507,Bengaluru,2026-05-27
3508,Bengaluru,2026-05-27
3509,Bengaluru,2026-05-27
3510,Chennai,2026-05-27
3511,Chennai,2026-05-27
3512,Hyderabad,2026-05-27
3513,Hyderabad,2026-05-27
3514,Hyderabad,2026-05-27
3515,Mumbai,2026-05-27
3516,Bengaluru,2026-05-28
3517,Mumbai,2026-05-28
3518,Mumbai,2026-05-28
3519,Mumbai,2026-05-28
3520,Mumbai,2026-05-28
3521,Pune,2026-05-28
3522,Hyderabad,2026-05-29
3523,Hyderabad,2026-05-29
3524,Hyderabad,2026-05-29
3525,Mumbai,2026-05-29
3526,Mumbai,2026-05-29
3527,Pune,2026-05-29
3528,Mumbai,2026-05-30
3529,Mumbai,2026-05-30
3530,Bengaluru,2026-05-31
3531,Chennai,2026-05-31
3532,Mumbai,2026-05-31
3533,Pune,2026-05-31
3534,Pune,2026-05-31
3535,Pune,2026-05-31
3536,Chennai,2026-06-01
3537,Chennai,2026-06-01
3538,Hyderabad,2026-06-01
3539,Mumbai,2026-06-01
3540,Pune,2026-06-01
3541,Pune,2026-06-01
3542,Pune,2026-06-01
3543,Bengaluru,2026-06-02
3544,Bengaluru,2026-06-02
3545,Bengaluru,2026-06-02
3546,Bengaluru,2026-06-02
3547,Mumbai,2026-06-02
3548,Pune,2026-06-02
3549,Chennai,2026-06-03
3550,Hyderabad,2026-06-03
3551,Mumbai,2026-06-03
3552,Chennai,2026-06-04
3553,Chennai,2026-06-04
3554,Mumbai,2026-06-04
3555,Mumbai,2026-06-04
3556,Pune,2026-06-04
3557,Bengaluru,2026-06-05
3558,Chennai,2026-06-05
3559,Chennai,2026-06-05
3560,Mumbai,2026-06-05
3561,Mumbai,2026-06-05
3562,Bengaluru,2026-06-06
3563,Chennai,2026-06-06
3564,Mumbai,2026-06-06
3565,Mumbai,2026-06-06
3566,Mumbai,2026-06-06
3567,Pune,2026-06-06
3568,Hyderabad,2026-06-07
3569,Mumbai,2026-06-07
3570,Mumbai,2026-06-07
3571,Pune,2026-06-07
3572,Pune,2026-06-07
3573,Bengaluru,2026-06-08
3574,Bengaluru,2026-06-08
3575,Chennai,2026-06-08
3576,Hyderabad,2026-06-08
3577,Pune,2026-06-08
3578,Bengaluru,2026-06-09
3579,Hyderabad,2026-06-09
3580,Mumbai,2026-06-09
3581,Bengaluru,2026-06-10
3582,Bengaluru,2026-06-10
3583,Bengaluru,2026-06-10
3584,Chennai,2026-06-10
3585,Chennai,2026-06-10
3586,Mumbai,2026-06-10
3587,Mumbai,2026-06-10
3588,Bengaluru,2026-06-11
3589,Mumbai,2026-06-11
3590,Mumbai,2026-06-11
3591,Mumbai,2026-06-11
3592,Mumbai,2026-06-11
3593,Chennai,2026-06-12
3594,Hyderabad,2026-06-12
3595,Mumbai,2026-06-12
3596,Mumbai,2026-06-12
3597,Mumbai,2026-06-12
3598,Pune,2026-06-12
3599,Bengaluru,2026-06-13
3600,Chennai,2026-06-13
3601,Chennai,2026-06-13
3602,Mumbai,2026-06-13
3603,Pune,2026-06-13
3604,Mumbai,2026-06-14
3605,Mumbai,2026-06-14
3606,Mumbai,2026-06-14
3607,Pune,2026-06-14
3608,Bengaluru,2026-06-15
3609,Hyderabad,2026-06-15
3610,Mumbai,2026-06-15
3611,Bengaluru,2026-06-16
3612,Bengaluru,2026-06-16
3613,Hyderabad,2026-06-16
3614,Hyderabad,2026-06-16
3615,Hyderabad,2026-06-16
3616,Mumbai,2026-06-16
3617,Mumbai,2026-06-16
3618,Pune,2026-06-16
3619,Bengaluru,2026-06-17
3620,Bengaluru,2026-06-17
3621,Bengaluru,2026-06-17
3622,Mumbai,2026-06-17
3623,Pune,2026-06-17
3624,Bengaluru,2026-06-18
3625,Bengaluru,2026-06-18
3626,Hyderabad,2026-06-18
3627,Hyderabad,2026-06-18
3628,Hyderabad,2026-06-18
3629,Mumbai,2026-06-18
3630,Bengaluru,2026-06-19
3631,Hyderabad,2026-06-19
3632,Mumbai,2026-06-19
3633,Pune,2026-06-19
3634,Mumbai,2026-06-20
3635,Mumbai,2026-06-20
3636,Mumbai,2026-06-20
3637,Mumbai,2026-06-20
3638,Pune,2026-06-20
3639,Pune,2026-06-21
3640,Pune,2026-06-21
3641,Chennai,2026-06-22
3642,Mumbai,2026-06-22
3643,Bengaluru,2026-06-23
3644,Hyderabad,2026-06-23
3645,Hyderabad,2026-06-23
3646,Chennai,2026-06-24
3647,Hyderabad,2026-06-24
3648,Mumbai,2026-06-24
3649,Mumbai,2026-06-24
3650,Pune,2026-06-24
